family,stage,metric,side,value
ALL,fired,count,sim,500.0000
ALL,fired,count,live,
ALL,fired,pct,sim,
ALL,fired,pct,live,
ALL,fired,wr,sim,
ALL,fired,wr,live,
ALL,fired,mean_r,sim,
ALL,fired,mean_r,live,
ALL,fired,median_r,sim,
ALL,fired,median_r,live,
ALL,qualified,count,sim,487.0000
ALL,qualified,count,live,
ALL,qualified,pct,sim,
ALL,qualified,pct,live,
ALL,qualified,wr,sim,
ALL,qualified,wr,live,
ALL,qualified,mean_r,sim,
ALL,qualified,mean_r,live,
ALL,qualified,median_r,sim,
ALL,qualified,median_r,live,
ALL,entered,count,sim,
ALL,entered,count,live,
ALL,entered,pct,sim,
ALL,entered,pct,live,
ALL,entered,wr,sim,
ALL,entered,wr,live,
ALL,entered,mean_r,sim,
ALL,entered,mean_r,live,
ALL,entered,median_r,sim,
ALL,entered,median_r,live,
ALL,filled,count,sim,
ALL,filled,count,live,
ALL,filled,pct,sim,
ALL,filled,pct,live,
ALL,filled,wr,sim,
ALL,filled,wr,live,
ALL,filled,mean_r,sim,
ALL,filled,mean_r,live,
ALL,filled,median_r,sim,
ALL,filled,median_r,live,
ALL,closed_sim,count,sim,450.0000
ALL,closed_sim,count,live,
ALL,closed_sim,pct,sim,
ALL,closed_sim,pct,live,
ALL,closed_sim,wr,sim,0.3689
ALL,closed_sim,wr,live,
ALL,closed_sim,mean_r,sim,0.1067
ALL,closed_sim,mean_r,live,
ALL,closed_sim,median_r,sim,-1.0000
ALL,closed_sim,median_r,live,
ALL,closed_live,count,sim,
ALL,closed_live,count,live,0.0000
ALL,closed_live,pct,sim,
ALL,closed_live,pct,live,
ALL,closed_live,wr,sim,
ALL,closed_live,wr,live,
ALL,closed_live,mean_r,sim,
ALL,closed_live,mean_r,live,
ALL,closed_live,median_r,sim,
ALL,closed_live,median_r,live,
LIQUIDITY,fired,count,sim,207.0000
LIQUIDITY,fired,count,live,
LIQUIDITY,fired,pct,sim,
LIQUIDITY,fired,pct,live,
LIQUIDITY,fired,wr,sim,
LIQUIDITY,fired,wr,live,
LIQUIDITY,fired,mean_r,sim,
LIQUIDITY,fired,mean_r,live,
LIQUIDITY,fired,median_r,sim,
LIQUIDITY,fired,median_r,live,
LIQUIDITY,qualified,count,sim,201.0000
LIQUIDITY,qualified,count,live,
LIQUIDITY,qualified,pct,sim,
LIQUIDITY,qualified,pct,live,
LIQUIDITY,qualified,wr,sim,
LIQUIDITY,qualified,wr,live,
LIQUIDITY,qualified,mean_r,sim,
LIQUIDITY,qualified,mean_r,live,
LIQUIDITY,qualified,median_r,sim,
LIQUIDITY,qualified,median_r,live,
LIQUIDITY,entered,count,sim,
LIQUIDITY,entered,count,live,
LIQUIDITY,entered,pct,sim,
LIQUIDITY,entered,pct,live,
LIQUIDITY,entered,wr,sim,
LIQUIDITY,entered,wr,live,
LIQUIDITY,entered,mean_r,sim,
LIQUIDITY,entered,mean_r,live,
LIQUIDITY,entered,median_r,sim,
LIQUIDITY,entered,median_r,live,
LIQUIDITY,filled,count,sim,
LIQUIDITY,filled,count,live,
LIQUIDITY,filled,pct,sim,
LIQUIDITY,filled,pct,live,
LIQUIDITY,filled,wr,sim,
LIQUIDITY,filled,wr,live,
LIQUIDITY,filled,mean_r,sim,
LIQUIDITY,filled,mean_r,live,
LIQUIDITY,filled,median_r,sim,
LIQUIDITY,filled,median_r,live,
LIQUIDITY,closed_sim,count,sim,197.0000
LIQUIDITY,closed_sim,count,live,
LIQUIDITY,closed_sim,pct,sim,
LIQUIDITY,closed_sim,pct,live,
LIQUIDITY,closed_sim,wr,sim,0.3604
LIQUIDITY,closed_sim,wr,live,
LIQUIDITY,closed_sim,mean_r,sim,0.0812
LIQUIDITY,closed_sim,mean_r,live,
LIQUIDITY,closed_sim,median_r,sim,-1.0000
LIQUIDITY,closed_sim,median_r,live,
LIQUIDITY,closed_live,count,sim,
LIQUIDITY,closed_live,count,live,0.0000
LIQUIDITY,closed_live,pct,sim,
LIQUIDITY,closed_live,pct,live,
LIQUIDITY,closed_live,wr,sim,
LIQUIDITY,closed_live,wr,live,
LIQUIDITY,closed_live,mean_r,sim,
LIQUIDITY,closed_live,mean_r,live,
LIQUIDITY,closed_live,median_r,sim,
LIQUIDITY,closed_live,median_r,live,
FVG,fired,count,sim,89.0000
FVG,fired,count,live,
FVG,fired,pct,sim,
FVG,fired,pct,live,
FVG,fired,wr,sim,
FVG,fired,wr,live,
FVG,fired,mean_r,sim,
FVG,fired,mean_r,live,
FVG,fired,median_r,sim,
FVG,fired,median_r,live,
FVG,qualified,count,sim,87.0000
FVG,qualified,count,live,
FVG,qualified,pct,sim,
FVG,qualified,pct,live,
FVG,qualified,wr,sim,
FVG,qualified,wr,live,
FVG,qualified,mean_r,sim,
FVG,qualified,mean_r,live,
FVG,qualified,median_r,sim,
FVG,qualified,median_r,live,
FVG,entered,count,sim,
FVG,entered,count,live,
FVG,entered,pct,sim,
FVG,entered,pct,live,
FVG,entered,wr,sim,
FVG,entered,wr,live,
FVG,entered,mean_r,sim,
FVG,entered,mean_r,live,
FVG,entered,median_r,sim,
FVG,entered,median_r,live,
FVG,filled,count,sim,
FVG,filled,count,live,
FVG,filled,pct,sim,
FVG,filled,pct,live,
FVG,filled,wr,sim,
FVG,filled,wr,live,
FVG,filled,mean_r,sim,
FVG,filled,mean_r,live,
FVG,filled,median_r,sim,
FVG,filled,median_r,live,
FVG,closed_sim,count,sim,81.0000
FVG,closed_sim,count,live,
FVG,closed_sim,pct,sim,
FVG,closed_sim,pct,live,
FVG,closed_sim,wr,sim,0.4444
FVG,closed_sim,wr,live,
FVG,closed_sim,mean_r,sim,0.3333
FVG,closed_sim,mean_r,live,
FVG,closed_sim,median_r,sim,-1.0000
FVG,closed_sim,median_r,live,
FVG,closed_live,count,sim,
FVG,closed_live,count,live,0.0000
FVG,closed_live,pct,sim,
FVG,closed_live,pct,live,
FVG,closed_live,wr,sim,
FVG,closed_live,wr,live,
FVG,closed_live,mean_r,sim,
FVG,closed_live,mean_r,live,
FVG,closed_live,median_r,sim,
FVG,closed_live,median_r,live,
BOS,fired,count,sim,165.0000
BOS,fired,count,live,
BOS,fired,pct,sim,
BOS,fired,pct,live,
BOS,fired,wr,sim,
BOS,fired,wr,live,
BOS,fired,mean_r,sim,
BOS,fired,mean_r,live,
BOS,fired,median_r,sim,
BOS,fired,median_r,live,
BOS,qualified,count,sim,160.0000
BOS,qualified,count,live,
BOS,qualified,pct,sim,
BOS,qualified,pct,live,
BOS,qualified,wr,sim,
BOS,qualified,wr,live,
BOS,qualified,mean_r,sim,
BOS,qualified,mean_r,live,
BOS,qualified,median_r,sim,
BOS,qualified,median_r,live,
BOS,entered,count,sim,
BOS,entered,count,live,
BOS,entered,pct,sim,
BOS,entered,pct,live,
BOS,entered,wr,sim,
BOS,entered,wr,live,
BOS,entered,mean_r,sim,
BOS,entered,mean_r,live,
BOS,entered,median_r,sim,
BOS,entered,median_r,live,
BOS,filled,count,sim,
BOS,filled,count,live,
BOS,filled,pct,sim,
BOS,filled,pct,live,
BOS,filled,wr,sim,
BOS,filled,wr,live,
BOS,filled,mean_r,sim,
BOS,filled,mean_r,live,
BOS,filled,median_r,sim,
BOS,filled,median_r,live,
BOS,closed_sim,count,sim,133.0000
BOS,closed_sim,count,live,
BOS,closed_sim,pct,sim,
BOS,closed_sim,pct,live,
BOS,closed_sim,wr,sim,0.3609
BOS,closed_sim,wr,live,
BOS,closed_sim,mean_r,sim,0.0827
BOS,closed_sim,mean_r,live,
BOS,closed_sim,median_r,sim,-1.0000
BOS,closed_sim,median_r,live,
BOS,closed_live,count,sim,
BOS,closed_live,count,live,0.0000
BOS,closed_live,pct,sim,
BOS,closed_live,pct,live,
BOS,closed_live,wr,sim,
BOS,closed_live,wr,live,
BOS,closed_live,mean_r,sim,
BOS,closed_live,mean_r,live,
BOS,closed_live,median_r,sim,
BOS,closed_live,median_r,live,
CHOCH,fired,count,sim,0.0000
CHOCH,fired,count,live,
CHOCH,fired,pct,sim,
CHOCH,fired,pct,live,
CHOCH,fired,wr,sim,
CHOCH,fired,wr,live,
CHOCH,fired,mean_r,sim,
CHOCH,fired,mean_r,live,
CHOCH,fired,median_r,sim,
CHOCH,fired,median_r,live,
CHOCH,qualified,count,sim,0.0000
CHOCH,qualified,count,live,
CHOCH,qualified,pct,sim,
CHOCH,qualified,pct,live,
CHOCH,qualified,wr,sim,
CHOCH,qualified,wr,live,
CHOCH,qualified,mean_r,sim,
CHOCH,qualified,mean_r,live,
CHOCH,qualified,median_r,sim,
CHOCH,qualified,median_r,live,
CHOCH,entered,count,sim,
CHOCH,entered,count,live,
CHOCH,entered,pct,sim,
CHOCH,entered,pct,live,
CHOCH,entered,wr,sim,
CHOCH,entered,wr,live,
CHOCH,entered,mean_r,sim,
CHOCH,entered,mean_r,live,
CHOCH,entered,median_r,sim,
CHOCH,entered,median_r,live,
CHOCH,filled,count,sim,
CHOCH,filled,count,live,
CHOCH,filled,pct,sim,
CHOCH,filled,pct,live,
CHOCH,filled,wr,sim,
CHOCH,filled,wr,live,
CHOCH,filled,mean_r,sim,
CHOCH,filled,mean_r,live,
CHOCH,filled,median_r,sim,
CHOCH,filled,median_r,live,
CHOCH,closed_sim,count,sim,0.0000
CHOCH,closed_sim,count,live,
CHOCH,closed_sim,pct,sim,
CHOCH,closed_sim,pct,live,
CHOCH,closed_sim,wr,sim,
CHOCH,closed_sim,wr,live,
CHOCH,closed_sim,mean_r,sim,
CHOCH,closed_sim,mean_r,live,
CHOCH,closed_sim,median_r,sim,
CHOCH,closed_sim,median_r,live,
CHOCH,closed_live,count,sim,
CHOCH,closed_live,count,live,0.0000
CHOCH,closed_live,pct,sim,
CHOCH,closed_live,pct,live,
CHOCH,closed_live,wr,sim,
CHOCH,closed_live,wr,live,
CHOCH,closed_live,mean_r,sim,
CHOCH,closed_live,mean_r,live,
CHOCH,closed_live,median_r,sim,
CHOCH,closed_live,median_r,live,
UNKNOWN,fired,count,sim,39.0000
UNKNOWN,fired,count,live,
UNKNOWN,fired,pct,sim,
UNKNOWN,fired,pct,live,
UNKNOWN,fired,wr,sim,
UNKNOWN,fired,wr,live,
UNKNOWN,fired,mean_r,sim,
UNKNOWN,fired,mean_r,live,
UNKNOWN,fired,median_r,sim,
UNKNOWN,fired,median_r,live,
UNKNOWN,qualified,count,sim,39.0000
UNKNOWN,qualified,count,live,
UNKNOWN,qualified,pct,sim,
UNKNOWN,qualified,pct,live,
UNKNOWN,qualified,wr,sim,
UNKNOWN,qualified,wr,live,
UNKNOWN,qualified,mean_r,sim,
UNKNOWN,qualified,mean_r,live,
UNKNOWN,qualified,median_r,sim,
UNKNOWN,qualified,median_r,live,
UNKNOWN,entered,count,sim,
UNKNOWN,entered,count,live,
UNKNOWN,entered,pct,sim,
UNKNOWN,entered,pct,live,
UNKNOWN,entered,wr,sim,
UNKNOWN,entered,wr,live,
UNKNOWN,entered,mean_r,sim,
UNKNOWN,entered,mean_r,live,
UNKNOWN,entered,median_r,sim,
UNKNOWN,entered,median_r,live,
UNKNOWN,filled,count,sim,
UNKNOWN,filled,count,live,
UNKNOWN,filled,pct,sim,
UNKNOWN,filled,pct,live,
UNKNOWN,filled,wr,sim,
UNKNOWN,filled,wr,live,
UNKNOWN,filled,mean_r,sim,
UNKNOWN,filled,mean_r,live,
UNKNOWN,filled,median_r,sim,
UNKNOWN,filled,median_r,live,
UNKNOWN,closed_sim,count,sim,39.0000
UNKNOWN,closed_sim,count,live,
UNKNOWN,closed_sim,pct,sim,
UNKNOWN,closed_sim,pct,live,
UNKNOWN,closed_sim,wr,sim,0.2821
UNKNOWN,closed_sim,wr,live,
UNKNOWN,closed_sim,mean_r,sim,-0.1538
UNKNOWN,closed_sim,mean_r,live,
UNKNOWN,closed_sim,median_r,sim,-1.0000
UNKNOWN,closed_sim,median_r,live,
UNKNOWN,closed_live,count,sim,
UNKNOWN,closed_live,count,live,0.0000
UNKNOWN,closed_live,pct,sim,
UNKNOWN,closed_live,pct,live,
UNKNOWN,closed_live,wr,sim,
UNKNOWN,closed_live,wr,live,
UNKNOWN,closed_live,mean_r,sim,
UNKNOWN,closed_live,mean_r,live,
UNKNOWN,closed_live,median_r,sim,
UNKNOWN,closed_live,median_r,live,
ORDER_BLOCK,fired,count,sim,0.0000
ORDER_BLOCK,fired,count,live,
ORDER_BLOCK,fired,pct,sim,
ORDER_BLOCK,fired,pct,live,
ORDER_BLOCK,fired,wr,sim,
ORDER_BLOCK,fired,wr,live,
ORDER_BLOCK,fired,mean_r,sim,
ORDER_BLOCK,fired,mean_r,live,
ORDER_BLOCK,fired,median_r,sim,
ORDER_BLOCK,fired,median_r,live,
ORDER_BLOCK,qualified,count,sim,0.0000
ORDER_BLOCK,qualified,count,live,
ORDER_BLOCK,qualified,pct,sim,
ORDER_BLOCK,qualified,pct,live,
ORDER_BLOCK,qualified,wr,sim,
ORDER_BLOCK,qualified,wr,live,
ORDER_BLOCK,qualified,mean_r,sim,
ORDER_BLOCK,qualified,mean_r,live,
ORDER_BLOCK,qualified,median_r,sim,
ORDER_BLOCK,qualified,median_r,live,
ORDER_BLOCK,entered,count,sim,
ORDER_BLOCK,entered,count,live,
ORDER_BLOCK,entered,pct,sim,
ORDER_BLOCK,entered,pct,live,
ORDER_BLOCK,entered,wr,sim,
ORDER_BLOCK,entered,wr,live,
ORDER_BLOCK,entered,mean_r,sim,
ORDER_BLOCK,entered,mean_r,live,
ORDER_BLOCK,entered,median_r,sim,
ORDER_BLOCK,entered,median_r,live,
ORDER_BLOCK,filled,count,sim,
ORDER_BLOCK,filled,count,live,
ORDER_BLOCK,filled,pct,sim,
ORDER_BLOCK,filled,pct,live,
ORDER_BLOCK,filled,wr,sim,
ORDER_BLOCK,filled,wr,live,
ORDER_BLOCK,filled,mean_r,sim,
ORDER_BLOCK,filled,mean_r,live,
ORDER_BLOCK,filled,median_r,sim,
ORDER_BLOCK,filled,median_r,live,
ORDER_BLOCK,closed_sim,count,sim,0.0000
ORDER_BLOCK,closed_sim,count,live,
ORDER_BLOCK,closed_sim,pct,sim,
ORDER_BLOCK,closed_sim,pct,live,
ORDER_BLOCK,closed_sim,wr,sim,
ORDER_BLOCK,closed_sim,wr,live,
ORDER_BLOCK,closed_sim,mean_r,sim,
ORDER_BLOCK,closed_sim,mean_r,live,
ORDER_BLOCK,closed_sim,median_r,sim,
ORDER_BLOCK,closed_sim,median_r,live,
ORDER_BLOCK,closed_live,count,sim,
ORDER_BLOCK,closed_live,count,live,0.0000
ORDER_BLOCK,closed_live,pct,sim,
ORDER_BLOCK,closed_live,pct,live,
ORDER_BLOCK,closed_live,wr,sim,
ORDER_BLOCK,closed_live,wr,live,
ORDER_BLOCK,closed_live,mean_r,sim,
ORDER_BLOCK,closed_live,mean_r,live,
ORDER_BLOCK,closed_live,median_r,sim,
ORDER_BLOCK,closed_live,median_r,live,
